<?xml version="1.0" encoding="UTF-8"?>
<project-private xmlns="http://www.netbeans.org/ns/project-private/1">
    <editor-bookmarks xmlns="http://www.netbeans.org/ns/editor-bookmarks/2" lastBookmarkId="0"/>
    <open-files xmlns="http://www.netbeans.org/ns/projectui-open-files/2">
        <group>
            <file>file:/D:/Toolbox/NetBeansProject/SECURDE-MP_3/src/java/Model/DB/ReviewDAO.java</file>
            <file>file:/D:/Toolbox/NetBeansProject/SECURDE-MP_3/src/java/Model/DB/UserDAO.java</file>
            <file>file:/D:/Toolbox/NetBeansProject/SECURDE-MP_3/src/java/Model/DB/DBConnector.java</file>
            <file>file:/D:/Toolbox/NetBeansProject/SECURDE-MP_3/src/java/Model/DB/TransactionDAO.java</file>
            <file>file:/D:/Toolbox/NetBeansProject/SECURDE-MP_3/src/java/Model/DB/CustomerDAO.java</file>
            <file>file:/D:/Toolbox/NetBeansProject/SECURDE-MP_3/src/java/Model/Item.java</file>
            <file>file:/D:/Toolbox/NetBeansProject/SECURDE-MP_3/src/java/Model/ShopCart.java</file>
        </group>
    </open-files>
</project-private>
